time_start_sec,time_end_sec,freq_start_hz,freq_end_hz,energy
7.7,7.8,400.0,450.0,0.16447266936302185
28.5,28.6,200.0,250.0,0.16151857376098633
33.6,33.7,200.0,250.0,0.16067421436309814
19.9,20.0,200.0,250.0,0.15118096768856049
30.8,30.9,200.0,250.0,0.14191676676273346
28.6,28.7,200.0,250.0,0.130115807056427
22.7,22.8,200.0,250.0,0.12959635257720947
22.8,22.9,200.0,250.0,0.12840163707733154
28.4,28.5,200.0,250.0,0.12410537153482437
21.0,21.1,200.0,250.0,0.11322417855262756
8.8,8.9,400.0,450.0,0.11091495305299759
26.5,26.6,400.0,450.0,0.10892610251903534
20.9,21.0,200.0,250.0,0.10768751055002213
8.7,8.8,400.0,450.0,0.10594434291124344
27.6,27.7,400.0,450.0,0.10471972823143005
4.6,4.7,400.0,450.0,0.10048553347587585
20.0,20.1,200.0,250.0,0.10025620460510254
26.6,26.7,400.0,450.0,0.09941697120666504
21.1,21.2,200.0,250.0,0.0983298122882843
34.4,34.5,250.0,300.0,0.09823134541511536
26.9,27.0,400.0,450.0,0.09258686006069183
22.9,23.0,200.0,250.0,0.09223038703203201
15.4,15.5,200.0,250.0,0.08690214157104492
27.0,27.1,400.0,450.0,0.08546850830316544
33.7,33.8,200.0,250.0,0.08446656912565231
3.5,3.6,400.0,450.0,0.0837903544306755
3.6,3.7,400.0,450.0,0.08297237753868103
20.1,20.2,200.0,250.0,0.08255898952484131
32.4,32.5,300.0,350.0,0.08206062018871307
34.5,34.6,250.0,300.0,0.08075309544801712
34.3,34.4,250.0,300.0,0.07970056682825089
14.1,14.2,250.0,300.0,0.0795716792345047
28.2,28.3,200.0,250.0,0.07953300327062607
6.6,6.7,400.0,450.0,0.07851266860961914
33.1,33.2,300.0,350.0,0.07835319638252258
32.3,32.4,300.0,350.0,0.07796293497085571
5.3,5.4,400.0,450.0,0.07593286037445068
18.3,18.4,250.0,300.0,0.07485145330429077
28.7,28.8,200.0,250.0,0.07435387372970581
26.2,26.3,250.0,300.0,0.07333476841449738
11.3,11.4,200.0,250.0,0.0712791383266449
6.5,6.6,400.0,450.0,0.07071994245052338
27.5,27.6,400.0,450.0,0.06985267996788025
26.1,26.2,250.0,300.0,0.0693584457039833
10.7,10.8,200.0,250.0,0.06904567778110504
28.3,28.4,200.0,250.0,0.06894692778587341
26.3,26.4,250.0,300.0,0.0687192976474762
18.4,18.5,250.0,300.0,0.0678163468837738
18.2,18.3,250.0,300.0,0.06778755784034729
26.8,26.9,400.0,450.0,0.06730617582798004
25.9,26.0,200.0,250.0,0.06694978475570679
10.0,10.1,300.0,350.0,0.06680391728878021
10.1,10.2,300.0,350.0,0.06587760150432587
27.3,27.4,400.0,450.0,0.06580565124750137
8.5,8.6,400.0,450.0,0.061555929481983185
30.9,31.0,200.0,250.0,0.06089138239622116
30.4,30.5,250.0,300.0,0.06024480238556862
23.0,23.1,200.0,250.0,0.06023702025413513
33.4,33.5,400.0,450.0,0.059746988117694855
21.8,21.9,300.0,350.0,0.05913040041923523
4.3,4.4,400.0,450.0,0.05890829488635063
10.2,10.3,300.0,350.0,0.0586201474070549
17.3,17.4,400.0,450.0,0.05809920281171799
25.3,25.4,200.0,250.0,0.058044277131557465
27.1,27.2,400.0,450.0,0.057529810816049576
34.1,34.2,100.0,150.0,0.05750637128949165
27.2,27.3,200.0,250.0,0.05724046379327774
10.9,11.0,200.0,250.0,0.05722195655107498
21.2,21.3,200.0,250.0,0.05701597034931183
34.6,34.7,250.0,300.0,0.056863926351070404
14.2,14.3,250.0,300.0,0.056314196437597275
10.8,10.9,200.0,250.0,0.056068602949380875
15.2,15.3,400.0,450.0,0.0552910678088665
9.5,9.6,400.0,450.0,0.05484336242079735
15.9,16.0,200.0,250.0,0.05448369309306145
30.3,30.4,250.0,300.0,0.054472096264362335
12.1,12.2,400.0,450.0,0.05354124307632446
33.3,33.4,400.0,450.0,0.053440630435943604
5.2,5.3,250.0,300.0,0.0531851090490818
7.5,7.6,400.0,450.0,0.05318477749824524
32.2,32.3,300.0,350.0,0.05203716456890106
21.6,21.7,200.0,250.0,0.05109509825706482
22.0,22.1,100.0,150.0,0.05057002604007721
4.4,4.5,400.0,450.0,0.05023393779993057
31.5,31.6,100.0,150.0,0.04971875995397568
17.5,17.6,100.0,150.0,0.04927984997630119
31.0,31.1,200.0,250.0,0.049086980521678925
5.1,5.2,200.0,250.0,0.04908248782157898
6.0,6.1,300.0,350.0,0.04907827079296112
26.7,26.8,100.0,150.0,0.04887435585260391
33.5,33.6,400.0,450.0,0.048453912138938904
21.9,22.0,100.0,150.0,0.0482473149895668
21.7,21.8,300.0,350.0,0.04807848110795021
4.1,4.2,100.0,150.0,0.04771285504102707
29.9,30.0,200.0,250.0,0.04767284914851189
7.2,7.3,400.0,450.0,0.04679448902606964
27.4,27.5,400.0,450.0,0.046609681099653244
24.9,25.0,200.0,250.0,0.046564310789108276
5.5,5.6,250.0,300.0,0.046472690999507904
32.5,32.6,300.0,350.0,0.04561196267604828
17.7,17.8,300.0,350.0,0.04560668766498566
30.2,30.3,250.0,300.0,0.04552094265818596
34.7,34.8,250.0,300.0,0.04541836678981781
13.5,13.6,300.0,350.0,0.045254480093717575
16.7,16.8,100.0,150.0,0.044980909675359726
24.3,24.4,100.0,150.0,0.04462277144193649
4.7,4.8,400.0,450.0,0.04420189559459686
31.7,31.8,100.0,150.0,0.04412088915705681
34.0,34.1,100.0,150.0,0.043966613709926605
27.7,27.8,400.0,450.0,0.04370274767279625
3.1,3.2,400.0,450.0,0.04366905242204666
25.2,25.3,250.0,300.0,0.043015748262405396
19.6,19.7,350.0,400.0,0.04290742054581642
31.8,31.9,200.0,250.0,0.04290701448917389
19.7,19.8,350.0,400.0,0.042772501707077026
6.7,6.8,400.0,450.0,0.0426887571811676
13.1,13.2,400.0,450.0,0.042500756680965424
28.8,28.9,250.0,300.0,0.04242948442697525
5.9,6.0,300.0,350.0,0.042368561029434204
3.7,3.8,100.0,150.0,0.04235130921006203
17.1,17.2,200.0,250.0,0.041905660182237625
32.9,33.0,100.0,150.0,0.04179384931921959
3.3,3.4,250.0,300.0,0.04154156893491745
16.3,16.4,400.0,450.0,0.04104917496442795
19.5,19.6,350.0,400.0,0.040902700275182724
31.9,32.0,200.0,250.0,0.0407644547522068
7.3,7.4,400.0,450.0,0.04066814109683037
21.5,21.6,400.0,450.0,0.0404747873544693
24.2,24.3,300.0,350.0,0.04019298776984215
5.4,5.5,250.0,300.0,0.03993450850248337
34.8,34.9,250.0,300.0,0.03982175141572952
8.3,8.4,250.0,300.0,0.039786022156476974
7.4,7.5,400.0,450.0,0.03954773768782616
19.8,19.9,350.0,400.0,0.03911486268043518
24.4,24.5,100.0,150.0,0.039087437093257904
17.6,17.7,300.0,350.0,0.03899647295475006
4.8,4.9,100.0,150.0,0.03896726295351982
25.1,25.2,250.0,300.0,0.038950130343437195
23.1,23.2,200.0,250.0,0.038059085607528687
14.7,14.8,200.0,250.0,0.03777598589658737
10.6,10.7,200.0,250.0,0.03777289763092995
7.8,7.9,400.0,450.0,0.03776711970567703
28.9,29.0,200.0,250.0,0.03769851103425026
24.8,24.9,300.0,350.0,0.037652552127838135
3.0,3.1,200.0,250.0,0.03761538863182068
11.0,11.1,200.0,250.0,0.037588510662317276
8.6,8.7,250.0,300.0,0.03748573362827301
8.4,8.5,400.0,450.0,0.03746563941240311
9.3,9.4,250.0,300.0,0.03729227930307388
17.8,17.9,300.0,350.0,0.03723885864019394
29.1,29.2,200.0,250.0,0.03700970485806465
33.9,34.0,100.0,150.0,0.036941684782505035
25.8,25.9,250.0,300.0,0.03691335767507553
13.4,13.5,300.0,350.0,0.036816757172346115
22.4,22.5,200.0,250.0,0.036813851445913315
20.2,20.3,200.0,250.0,0.03664673864841461
11.2,11.3,100.0,150.0,0.036645568907260895
15.0,15.1,200.0,250.0,0.03650829941034317
31.4,31.5,100.0,150.0,0.0362381674349308
32.0,32.1,100.0,150.0,0.036125991493463516
9.6,9.7,250.0,300.0,0.03607635200023651
14.0,14.1,200.0,250.0,0.03592207282781601
5.6,5.7,400.0,450.0,0.03587375581264496
8.9,9.0,200.0,250.0,0.0354449562728405
13.6,13.7,300.0,350.0,0.035303182899951935
22.6,22.7,200.0,250.0,0.035263191908597946
29.8,29.9,200.0,250.0,0.035093292593955994
8.2,8.3,400.0,450.0,0.03508366271853447
24.7,24.8,300.0,350.0,0.03484483063220978
34.9,35.0,250.0,300.0,0.03453826531767845
9.4,9.5,400.0,450.0,0.03451091796159744
12.0,12.1,100.0,150.0,0.03430750221014023
16.6,16.7,100.0,150.0,0.03417099267244339
21.4,21.5,400.0,450.0,0.03395355865359306
24.1,24.2,300.0,350.0,0.033939428627491
13.0,13.1,100.0,150.0,0.033819492906332016
22.1,22.2,400.0,450.0,0.03379637748003006
18.1,18.2,250.0,300.0,0.03378156200051308
12.2,12.3,400.0,450.0,0.03353044390678406
9.7,9.8,250.0,300.0,0.03339789807796478
28.1,28.2,250.0,300.0,0.03339692950248718
11.5,11.6,300.0,350.0,0.03317500278353691
16.8,16.9,300.0,350.0,0.03305191919207573
3.2,3.3,250.0,300.0,0.03263159841299057
19.4,19.5,100.0,150.0,0.032355379313230515
15.7,15.8,200.0,250.0,0.03221578150987625
25.0,25.1,200.0,250.0,0.032104939222335815
11.7,11.8,100.0,150.0,0.032093293964862823
25.4,25.5,200.0,250.0,0.03193763643503189
29.3,29.4,100.0,150.0,0.031742628663778305
7.9,8.0,100.0,150.0,0.03099094144999981
3.8,3.9,100.0,150.0,0.030913610011339188
29.0,29.1,100.0,150.0,0.030820805579423904
31.6,31.7,100.0,150.0,0.030793040990829468
29.6,29.7,200.0,250.0,0.03063010796904564
13.7,13.8,300.0,350.0,0.030580954626202583
11.1,11.2,100.0,150.0,0.030133822932839394
15.5,15.6,300.0,350.0,0.030122678726911545
4.5,4.6,250.0,300.0,0.029951976612210274
16.1,16.2,100.0,150.0,0.029872115701436996
20.7,20.8,300.0,350.0,0.02977653406560421
14.8,14.9,300.0,350.0,0.02954142354428768
9.2,9.3,400.0,450.0,0.029536398127675056
25.7,25.8,100.0,150.0,0.02925044670701027
17.9,18.0,300.0,350.0,0.0291944220662117
11.4,11.5,300.0,350.0,0.029035240411758423
16.2,16.3,100.0,150.0,0.028958365321159363
29.5,29.6,300.0,350.0,0.0288386233150959
22.3,22.4,100.0,150.0,0.028812814503908157
15.3,15.4,400.0,450.0,0.02871321514248848
11.6,11.7,100.0,150.0,0.02838931232690811
4.2,4.3,400.0,450.0,0.02822684682905674
16.4,16.5,400.0,450.0,0.02820878103375435
20.6,20.7,300.0,350.0,0.02816782146692276
35.0,35.1,250.0,300.0,0.028008636087179184
30.0,30.1,200.0,250.0,0.028004759922623634
12.8,12.9,350.0,400.0,0.0279659703373909
20.4,20.5,100.0,150.0,0.02794869802892208
20.3,20.4,200.0,250.0,0.02792738564312458
3.4,3.5,250.0,300.0,0.027768030762672424
23.2,23.3,400.0,450.0,0.02754351496696472
31.3,31.4,100.0,150.0,0.02746511436998844
18.0,18.1,300.0,350.0,0.027396660298109055
21.3,21.4,400.0,450.0,0.027281450107693672
11.9,12.0,100.0,150.0,0.027274159714579582
26.4,26.5,250.0,300.0,0.026578135788440704
22.2,22.3,400.0,450.0,0.02635647915303707
20.8,20.9,300.0,350.0,0.026312198489904404
6.8,6.9,200.0,250.0,0.026285195723176003
14.5,14.6,200.0,250.0,0.026078782975673676
16.0,16.1,100.0,150.0,0.026062557473778725
34.2,34.3,200.0,250.0,0.025987904518842697
29.4,29.5,100.0,150.0,0.0258772112429142
35.1,35.2,100.0,150.0,0.025838647037744522
26.0,26.1,100.0,150.0,0.02550063282251358
32.6,32.7,300.0,350.0,0.0253168772906065
30.6,30.7,200.0,250.0,0.02508779615163803
17.2,17.3,400.0,450.0,0.02499791979789734
19.1,19.2,200.0,250.0,0.024851731956005096
33.0,33.1,300.0,350.0,0.024812057614326477
8.0,8.1,100.0,150.0,0.024808721616864204
29.7,29.8,100.0,150.0,0.02442791312932968
25.6,25.7,200.0,250.0,0.024312231689691544
4.9,5.0,100.0,150.0,0.024206625297665596
6.1,6.2,300.0,350.0,0.023974314332008362
30.1,30.2,250.0,300.0,0.023920873180031776
6.3,6.4,200.0,250.0,0.023609792813658714
12.3,12.4,200.0,250.0,0.023386768996715546
15.6,15.7,200.0,250.0,0.023334715515375137
24.5,24.6,250.0,300.0,0.0232907235622406
16.5,16.6,100.0,150.0,0.02313140593469143
13.3,13.4,300.0,350.0,0.023121988400816917
24.0,24.1,200.0,250.0,0.023114245384931564
5.8,5.9,300.0,350.0,0.023068133741617203
5.7,5.8,350.0,400.0,0.02277367189526558
11.8,11.9,100.0,150.0,0.022687997668981552
9.8,9.9,250.0,300.0,0.02259291149675846
20.5,20.6,200.0,250.0,0.022514939308166504
30.5,30.6,250.0,300.0,0.022513587027788162
9.0,9.1,100.0,150.0,0.02222655713558197
35.2,35.3,400.0,450.0,0.022026294842362404
33.2,33.3,100.0,150.0,0.021517300978302956
19.2,19.3,350.0,400.0,0.021483179181814194
12.9,13.0,100.0,150.0,0.02107267454266548
12.4,12.5,300.0,350.0,0.02104908972978592
12.5,12.6,100.0,150.0,0.02102523483335972
14.3,14.4,250.0,300.0,0.02101782336831093
17.4,17.5,200.0,250.0,0.020949095487594604
13.8,13.9,250.0,300.0,0.020856032148003578
15.1,15.2,100.0,150.0,0.02048792690038681
14.4,14.5,250.0,300.0,0.020380545407533646
6.9,7.0,100.0,150.0,0.020223090425133705
30.7,30.8,100.0,150.0,0.020170943811535835
24.6,24.7,200.0,250.0,0.020034417510032654
13.9,14.0,300.0,350.0,0.01960582844913006
6.4,6.5,100.0,150.0,0.019496656954288483
15.8,15.9,200.0,250.0,0.019362930208444595
32.1,32.2,100.0,150.0,0.01920267939567566
7.1,7.2,200.0,250.0,0.018963851034641266
7.0,7.1,100.0,150.0,0.018688948825001717
16.9,17.0,200.0,250.0,0.01868794858455658
9.9,10.0,250.0,300.0,0.018595822155475616
23.7,23.8,300.0,350.0,0.01853720098733902
31.1,31.2,250.0,300.0,0.01843574270606041
12.6,12.7,100.0,150.0,0.01823311112821102
7.6,7.7,250.0,300.0,0.017984621226787567
22.5,22.6,100.0,150.0,0.017839465290308
13.2,13.3,400.0,450.0,0.017805228009819984
12.7,12.8,100.0,150.0,0.01773962751030922
32.7,32.8,300.0,350.0,0.01727420464158058
4.0,4.1,100.0,150.0,0.01709280163049698
5.0,5.1,100.0,150.0,0.01603425107896328
3.9,4.0,100.0,150.0,0.015879077836871147
29.2,29.3,100.0,150.0,0.015459886752068996
23.8,23.9,200.0,250.0,0.01532887015491724
14.6,14.7,100.0,150.0,0.015140923671424389
10.4,10.5,100.0,150.0,0.014882763847708702
10.5,10.6,100.0,150.0,0.014216268435120583
6.2,6.3,100.0,150.0,0.014193051494657993
32.8,32.9,200.0,250.0,0.014070850796997547
17.0,17.1,100.0,150.0,0.013918460346758366
0.5,0.6,100.0,150.0,0.013512982055544853
18.5,18.6,100.0,150.0,0.0132520142942667
23.9,24.0,300.0,350.0,0.013146012090146542
10.3,10.4,100.0,150.0,0.01271443534642458
9.1,9.2,400.0,450.0,0.012527316808700562
23.6,23.7,350.0,400.0,0.01212993636727333
14.9,15.0,100.0,150.0,0.01188930869102478
19.3,19.4,200.0,250.0,0.011018467135727406
18.6,18.7,100.0,150.0,0.011001435108482838
8.1,8.2,100.0,150.0,0.010028366930782795
18.7,18.8,100.0,150.0,0.009898757562041283
18.9,19.0,100.0,150.0,0.009483572095632553
28.0,28.1,200.0,250.0,0.009478075429797173
18.8,18.9,100.0,150.0,0.009070068597793579
19.0,19.1,100.0,150.0,0.008929319679737091
33.8,33.9,200.0,250.0,0.007923941127955914
25.5,25.6,100.0,150.0,0.006287942640483379
23.3,23.4,400.0,450.0,0.0039584641344845295
23.4,23.5,400.0,450.0,0.0018930303631350398
31.2,31.3,250.0,300.0,0.0015542414039373398
0.6,0.7,50.0,100.0,0.001485057407990098
2.3,2.4,100.0,150.0,0.0014155448880046606
35.3,35.4,100.0,150.0,0.0007750309305265546
23.5,23.6,400.0,450.0,0.0006559917819686234
1.4,1.5,200.0,250.0,0.0006024519680067897
1.3,1.4,200.0,250.0,0.0005459105595946312
1.5,1.6,200.0,250.0,0.00034575106110423803
2.4,2.5,50.0,100.0,0.0003299360105302185
1.6,1.7,200.0,250.0,0.00012650247663259506
27.8,27.9,100.0,150.0,0.00010060745262308046
35.4,35.5,100.0,150.0,9.497899009147659e-05
1.8,1.9,100.0,150.0,3.534728239174001e-05
27.9,28.0,300.0,350.0,3.461340384092182e-05
1.9,2.0,100.0,150.0,3.0732200684724376e-05
35.5,35.6,100.0,150.0,2.906077315856237e-05
2.0,2.1,100.0,150.0,2.204685370088555e-05
36.4,36.5,0.0,50.0,1.821850673877634e-05
0.7,0.8,50.0,100.0,1.3292212315718643e-05
1.7,1.8,100.0,150.0,1.1654353329504374e-05
36.3,36.4,0.0,50.0,9.02906776900636e-06
2.1,2.2,100.0,150.0,8.783038538240362e-06
35.6,35.7,100.0,150.0,6.616605787712615e-06
35.7,35.8,150.0,200.0,5.949043043074198e-06
36.2,36.3,0.0,50.0,5.8212581279804e-06
0.8,0.9,50.0,100.0,5.73046418139711e-06
36.1,36.2,150.0,200.0,5.19271179655334e-06
35.9,36.0,150.0,200.0,4.779880327987485e-06
1.1,1.2,100.0,150.0,3.992312940681586e-06
36.0,36.1,50.0,100.0,3.86059946322348e-06
1.0,1.1,100.0,150.0,3.839272721961606e-06
2.5,2.6,50.0,100.0,3.6565390928444685e-06
0.4,0.5,100.0,150.0,3.5265031783637824e-06
35.8,35.9,150.0,200.0,2.949360350612551e-06
2.8,2.9,50.0,100.0,2.7340915949025657e-06
2.2,2.3,50.0,100.0,2.64639311353676e-06
0.9,1.0,200.0,250.0,2.623571162985172e-06
2.9,3.0,50.0,100.0,2.506108103261795e-06
1.2,1.3,100.0,150.0,2.0948887140548322e-06
2.7,2.8,100.0,150.0,1.8421568483972806e-06
2.6,2.7,100.0,150.0,1.5876435099926312e-06
0.3,0.4,50.0,100.0,1.8076009666856407e-07
0.2,0.3,7400.0,7450.0,1.2839856955437767e-09
0.1,0.2,7400.0,7450.0,1.4948853266361084e-10
0.0,0.1,0.0,50.0,0.0
